1|ʃalˈom olˈam! mˈa korˈe?
1|ʃalˈom olˈam! mˈa korˈe?
1|ʃalˈom olˈam! mˈa korˈe?
1|ʃalˈom olˈam! mˈa korˈe?
1|ʃalˈom olˈam! mˈa korˈe?
1|ʃalˈom olˈam! mˈa korˈe?
1|ʃalˈom olˈam! mˈa korˈe?
1|ʃalˈom olˈam! mˈa korˈe?
1|ʃalˈom olˈam! mˈa korˈe?
1|ʃalˈom olˈam! mˈa korˈe?
1|ʃalˈom olˈam! mˈa korˈe?
1|ʃalˈom olˈam! mˈa korˈe?
1|ʃalˈom olˈam! mˈa korˈe?
1|ʃalˈom olˈam! mˈa korˈe?
1|ʃalˈom olˈam! mˈa korˈe?
1|ʃalˈom olˈam! mˈa korˈe?
1|ʃalˈom olˈam! mˈa korˈe?
1|ʃalˈom olˈam! mˈa korˈe?
1|ʃalˈom olˈam! mˈa korˈe?
1|ʃalˈom olˈam! mˈa korˈe?
1|ʃalˈom olˈam! mˈa korˈe?
1|ʃalˈom olˈam! mˈa korˈe?
1|ʃalˈom olˈam! mˈa korˈe?
1|ʃalˈom olˈam! mˈa korˈe?
1|ʃalˈom olˈam! mˈa korˈe?
1|ʃalˈom olˈam! mˈa korˈe?
1|ʃalˈom olˈam! mˈa korˈe?
1|ʃalˈom olˈam! mˈa korˈe?
1|ʃalˈom olˈam! mˈa korˈe?
1|ʃalˈom olˈam! mˈa korˈe?
1|ʃalˈom olˈam! mˈa korˈe?
1|ʃalˈom olˈam! mˈa korˈe?
1|ʃalˈom olˈam! mˈa korˈe?
1|ʃalˈom olˈam! mˈa korˈe?
1|ʃalˈom olˈam! mˈa korˈe?
1|ʃalˈom olˈam! mˈa korˈe?
1|ʃalˈom olˈam! mˈa korˈe?
1|ʃalˈom olˈam! mˈa korˈe?
1|ʃalˈom olˈam! mˈa korˈe?
1|ʃalˈom olˈam! mˈa korˈe?
1|ʃalˈom olˈam! mˈa korˈe?
1|ʃalˈom olˈam! mˈa korˈe?
1|ʃalˈom olˈam! mˈa korˈe?
1|ʃalˈom olˈam! mˈa korˈe?
1|ʃalˈom olˈam! mˈa korˈe?
1|ʃalˈom olˈam! mˈa korˈe?
1|ʃalˈom olˈam! mˈa korˈe?
1|ʃalˈom olˈam! mˈa korˈe?
1|ʃalˈom olˈam! mˈa korˈe?
1|ʃalˈom olˈam! mˈa korˈe?
1|ʃalˈom olˈam! mˈa korˈe?
1|ʃalˈom olˈam! mˈa korˈe?
1|ʃalˈom olˈam! mˈa korˈe?
1|ʃalˈom olˈam! mˈa korˈe?
1|ʃalˈom olˈam! mˈa korˈe?
1|ʃalˈom olˈam! mˈa korˈe?
1|ʃalˈom olˈam! mˈa korˈe?
1|ʃalˈom olˈam! mˈa korˈe?
1|ʃalˈom olˈam! mˈa korˈe?
1|ʃalˈom olˈam! mˈa korˈe?
1|ʃalˈom olˈam! mˈa korˈe?
1|ʃalˈom olˈam! mˈa korˈe?
1|ʃalˈom olˈam! mˈa korˈe?
1|ʃalˈom olˈam! mˈa korˈe?
1|ʃalˈom olˈam! mˈa korˈe?
1|ʃalˈom olˈam! mˈa korˈe?
1|ʃalˈom olˈam! mˈa korˈe?
1|ʃalˈom olˈam! mˈa korˈe?
1|ʃalˈom olˈam! mˈa korˈe?
1|ʃalˈom olˈam! mˈa korˈe?
1|ʃalˈom olˈam! mˈa korˈe?
1|ʃalˈom olˈam! mˈa korˈe?
1|ʃalˈom olˈam! mˈa korˈe?
1|ʃalˈom olˈam! mˈa korˈe?
1|ʃalˈom olˈam! mˈa korˈe?
1|ʃalˈom olˈam! mˈa korˈe?
1|ʃalˈom olˈam! mˈa korˈe?
1|ʃalˈom olˈam! mˈa korˈe?
1|ʃalˈom olˈam! mˈa korˈe?
1|ʃalˈom olˈam! mˈa korˈe?
1|ʃalˈom olˈam! mˈa korˈe?
1|ʃalˈom olˈam! mˈa korˈe?
1|ʃalˈom olˈam! mˈa korˈe?
1|ʃalˈom olˈam! mˈa korˈe?
1|ʃalˈom olˈam! mˈa korˈe?
1|ʃalˈom olˈam! mˈa korˈe?
1|ʃalˈom olˈam! mˈa korˈe?
1|ʃalˈom olˈam! mˈa korˈe?
1|ʃalˈom olˈam! mˈa korˈe?
1|ʃalˈom olˈam! mˈa korˈe?
1|ʃalˈom olˈam! mˈa korˈe?
1|ʃalˈom olˈam! mˈa korˈe?
1|ʃalˈom olˈam! mˈa korˈe?
1|ʃalˈom olˈam! mˈa korˈe?
1|ʃalˈom olˈam! mˈa korˈe?
1|ʃalˈom olˈam! mˈa korˈe?
1|ʃalˈom olˈam! mˈa korˈe?
1|ʃalˈom olˈam! mˈa korˈe?
1|ʃalˈom olˈam! mˈa korˈe?
1|ʃalˈom olˈam! mˈa korˈe?